"Series ID","Date","Value","Annual Percent Change"
"PCU321991321991","August 1 2025","494.834","1.0"
"PCU321991321991","July 1 2025","494.834","0.8"
"PCU321991321991","June 1 2025","496.738","1.2"
"PCU321991321991","May 1 2025","496.544","1.0"
"PCU321991321991","April 1 2025","496.478","1.4"
"PCU321991321991","March 1 2025","492.503","1.8"
"PCU321991321991","February 1 2025","491.403","1.6"
"PCU321991321991","January 1 2025","490.931","1.7"
"PCU321991321991","December 1 2024","490.654","1.6"
"PCU321991321991","November 1 2024","490.590","1.6"
"PCU321991321991","October 1 2024","490.578","1.7"
"PCU321991321991","September 1 2024","489.962","1.6"
"PCU321991321991","August 1 2024","490.042","0.5"
"PCU321991321991","July 1 2024","490.921","-0.3"
"PCU321991321991","June 1 2024","490.921","-0.3"
"PCU321991321991","May 1 2024","491.396","-0.1"
"PCU321991321991","April 1 2024","489.572","0.0"
"PCU321991321991","March 1 2024","483.814","-1.2"
"PCU321991321991","February 1 2024","483.718","-1.4"
"PCU321991321991","January 1 2024","482.795","-2.2"
"PCU321991321991","December 1 2023","482.732","-3.6"
"PCU321991321991","November 1 2023","482.732","-3.6"
"PCU321991321991","October 1 2023","482.290","-4.0"
"PCU321991321991","September 1 2023","482.290","-4.7"
"PCU321991321991","August 1 2023","487.735","-4.6"
"PCU321991321991","July 1 2023","492.253","-4.9"
"PCU321991321991","June 1 2023","492.540","-4.6"
"PCU321991321991","May 1 2023","491.751","-3.8"
"PCU321991321991","April 1 2023","489.585","-3.7"
"PCU321991321991","March 1 2023","489.585","-3.1"
"PCU321991321991","February 1 2023","490.669","0.0"
"PCU321991321991","January 1 2023","493.872","3.2"
"PCU321991321991","December 1 2022","500.587","7.6"
"PCU321991321991","November 1 2022","500.760","11.7"
"PCU321991321991","October 1 2022","502.517","12.2"
"PCU321991321991","September 1 2022","506.287","14.9"
"PCU321991321991","August 1 2022","511.189","16.0"
"PCU321991321991","July 1 2022","517.590","17.6"
"PCU321991321991","June 1 2022","516.239","19.2"
"PCU321991321991","May 1 2022","511.350","21.3"
"PCU321991321991","April 1 2022","508.329","25.3"
"PCU321991321991","March 1 2022","505.230","31.1"
"PCU321991321991","February 1 2022","490.470","31.5"
"PCU321991321991","January 1 2022","478.651","31.3"
"PCU321991321991","December 1 2021","465.206","29.4"
"PCU321991321991","November 1 2021","448.358","24.6"
"PCU321991321991","October 1 2021","447.733","25.2"
"PCU321991321991","September 1 2021","440.550","25.0"
"PCU321991321991","August 1 2021","440.550","29.6"
"PCU321991321991","July 1 2021","440.205","31.5"
"PCU321991321991","June 1 2021","433.0","29.0"
"PCU321991321991","May 1 2021","421.6","25.6"
"PCU321991321991","April 1 2021","405.8","21.2"
"PCU321991321991","March 1 2021","385.4","15.8"
"PCU321991321991","February 1 2021","373.0","12.9"
"PCU321991321991","January 1 2021","364.6","10.3"
"PCU321991321991","December 1 2020","359.6","9.0"
"PCU321991321991","November 1 2020","359.8","9.5"
"PCU321991321991","October 1 2020","357.7","8.9"
"PCU321991321991","September 1 2020","352.3","7.1"
"PCU321991321991","August 1 2020","339.9","3.3"
"PCU321991321991","July 1 2020","334.8","1.8"
"PCU321991321991","June 1 2020","335.7","1.8"
"PCU321991321991","May 1 2020","335.6","1.8"
"PCU321991321991","April 1 2020","334.9","1.6"
"PCU321991321991","March 1 2020","332.9","9.5"
"PCU321991321991","February 1 2020","330.3","9.1"
"PCU321991321991","January 1 2020","330.7","9.2"
"PCU321991321991","December 1 2019","329.8","8.3"
"PCU321991321991","November 1 2019","328.6","8.0"
"PCU321991321991","October 1 2019","328.6","7.0"
"PCU321991321991","September 1 2019","328.8","7.1"
"PCU321991321991","August 1 2019","328.9","6.8"
"PCU321991321991","July 1 2019","328.8","6.9"
"PCU321991321991","June 1 2019","329.7","8.9"
"PCU321991321991","May 1 2019","329.8","9.4"
"PCU321991321991","April 1 2019","329.7","10.5"
"PCU321991321991","March 1 2019","303.9","2.3"
"PCU321991321991","February 1 2019","302.8","2.2"
"PCU321991321991","January 1 2019","302.8","2.5"
"PCU321991321991","December 1 2018","304.5","3.5"
"PCU321991321991","November 1 2018","304.2","4.4"
"PCU321991321991","October 1 2018","307.0","4.8"
"PCU321991321991","September 1 2018","307.0","5.6"
"PCU321991321991","August 1 2018","308.0","7.5"
"PCU321991321991","July 1 2018","307.6","7.4"
"PCU321991321991","June 1 2018","302.7","6.0"
"PCU321991321991","May 1 2018","301.4","5.9"
"PCU321991321991","April 1 2018","298.3","5.3"
"PCU321991321991","March 1 2018","297.0","6.0"
"PCU321991321991","February 1 2018","296.4","6.2"
"PCU321991321991","January 1 2018","295.4","6.1"
"PCU321991321991","December 1 2017","294.1","5.8"
"PCU321991321991","November 1 2017","291.5","4.7"
"PCU321991321991","October 1 2017","293.0","5.5"
"PCU321991321991","September 1 2017","290.8","4.8"
"PCU321991321991","August 1 2017","286.5","3.3"
"PCU321991321991","July 1 2017","286.3","3.4"
"PCU321991321991","June 1 2017","285.6","3.3"
"PCU321991321991","May 1 2017","284.5","2.9"
"PCU321991321991","April 1 2017","283.2","2.5"
"PCU321991321991","March 1 2017","280.2","1.5"
"PCU321991321991","February 1 2017","279.0","1.1"
"PCU321991321991","January 1 2017","278.3","0.8"
"PCU321991321991","December 1 2016","278.1","0.9"
"PCU321991321991","November 1 2016","278.4","1.0"
"PCU321991321991","October 1 2016","277.7","0.8"
"PCU321991321991","September 1 2016","277.5","1.1"
"PCU321991321991","August 1 2016","277.4","1.1"
"PCU321991321991","July 1 2016","276.9","0.8"
"PCU321991321991","June 1 2016","276.6","0.8"
"PCU321991321991","May 1 2016","276.4","0.8"
"PCU321991321991","April 1 2016","276.2","0.8"
"PCU321991321991","March 1 2016","276.1","1.0"
"PCU321991321991","February 1 2016","275.9","1.1"
"PCU321991321991","January 1 2016","276.1","1.4"
"PCU321991321991","December 1 2015","275.7","1.5"
"PCU321991321991","November 1 2015","275.6","1.8"
"PCU321991321991","October 1 2015","275.5","1.8"
"PCU321991321991","September 1 2015","274.6","2.0"
"PCU321991321991","August 1 2015","274.4","2.2"
"PCU321991321991","July 1 2015","274.6","2.4"
"PCU321991321991","June 1 2015","274.4","2.3"
"PCU321991321991","May 1 2015","274.3","2.8"
"PCU321991321991","April 1 2015","273.9","2.9"
"PCU321991321991","March 1 2015","273.3","2.9"
"PCU321991321991","February 1 2015","273.0","3.0"
"PCU321991321991","January 1 2015","272.3","2.8"
